SET IDENTITY_INSERT USER_TYPE ON;

INSERT INTO USER_TYPE (ID, CREATION_DATE, UPDATE_DATE, TYPE_NAME)
VALUES (1, CURRENT_TIMESTAMP, CURRENT_TIMESTAMP, 'ADMIN');

INSERT INTO USER_TYPE (ID, CREATION_DATE, UPDATE_DATE, TYPE_NAME)
VALUES (2, CURRENT_TIMESTAMP, CURRENT_TIMESTAMP, 'CUSTOMER');

SET IDENTITY_INSERT USER_TYPE OFF;

SET IDENTITY_INSERT AUTHORITY ON;

INSERT INTO AUTHORITY(ID, CREATION_DATE, UPDATE_DATE, USER_TYPE_ID, AUTHORITY_NAME)
VALUES(1, CURRENT_TIMESTAMP, CURRENT_TIMESTAMP, 1, 'FULL_AUTHORITY_ON_AIRCRAFT');

INSERT INTO AUTHORITY(ID, CREATION_DATE, UPDATE_DATE, USER_TYPE_ID, AUTHORITY_NAME)
VALUES(2, CURRENT_TIMESTAMP, CURRENT_TIMESTAMP, 1, 'FULL_AUTHORITY_ON_FLIGHT');

INSERT INTO AUTHORITY(ID, CREATION_DATE, UPDATE_DATE, USER_TYPE_ID, AUTHORITY_NAME)
VALUES(3, CURRENT_TIMESTAMP, CURRENT_TIMESTAMP, 1, 'FULL_AUTHORITY_ON_ROUTES');

INSERT INTO AUTHORITY(ID, CREATION_DATE, UPDATE_DATE, USER_TYPE_ID, AUTHORITY_NAME)
VALUES(4, CURRENT_TIMESTAMP, CURRENT_TIMESTAMP, 1, 'FULL_AUTHORITY_ON_AIRPORT');

INSERT INTO AUTHORITY(ID, CREATION_DATE, UPDATE_DATE, USER_TYPE_ID, AUTHORITY_NAME)
VALUES(5, CURRENT_TIMESTAMP, CURRENT_TIMESTAMP, 1, 'FULL_AUTHORITY_ON_TICKET');

INSERT INTO AUTHORITY(ID, CREATION_DATE, UPDATE_DATE, USER_TYPE_ID, AUTHORITY_NAME)
VALUES(6, CURRENT_TIMESTAMP, CURRENT_TIMESTAMP, 2, 'BOOK_FLIGHT');

INSERT INTO AUTHORITY(ID, CREATION_DATE, UPDATE_DATE, USER_TYPE_ID, AUTHORITY_NAME)
VALUES(7, CURRENT_TIMESTAMP, CURRENT_TIMESTAMP, 2, 'SEE_TICKET');

SET IDENTITY_INSERT AUTHORITY OFF;

SET IDENTITY_INSERT BASE_USER ON;

INSERT INTO BASE_USER(ID,CREATION_DATE, UPDATE_DATE, USER_NAME, PASSWORD, EMAIL, USER_TYPE_ID)
VALUES(1, CURRENT_TIMESTAMP, CURRENT_TIMESTAMP, 'SUPER USER', 'PASSWORD', 'EXAMPLE@AIRLINE.COM', 1);

INSERT INTO BASE_USER(ID,CREATION_DATE, UPDATE_DATE, USER_NAME, PASSWORD, EMAIL, USER_TYPE_ID)
VALUES(2, CURRENT_TIMESTAMP, CURRENT_TIMESTAMP, 'CUSTOMER', 'PASSWORD', 'EXAMPLE@USERMAIL.COM', 2);

SET IDENTITY_INSERT BASE_USER OFF;

SET IDENTITY_INSERT COUNTRY ON;

INSERT INTO COUNTRY(CREATION_DATE, UPDATE_DATE ,ID, PHONE_CODE, COUNTRY_CODE, COUNTRY_NAME) VALUES
(CURRENT_TIMESTAMP,CURRENT_TIMESTAMP,1, 93, 'AF', 'Afghanistan'),
(CURRENT_TIMESTAMP,CURRENT_TIMESTAMP,2, 358, 'AX', 'Aland Islands'),
(CURRENT_TIMESTAMP,CURRENT_TIMESTAMP,3, 355, 'AL', 'Albania'),
(CURRENT_TIMESTAMP,CURRENT_TIMESTAMP,4, 213, 'DZ', 'Algeria'),
(CURRENT_TIMESTAMP,CURRENT_TIMESTAMP,5, 1684, 'AS', 'American Samoa'),
(CURRENT_TIMESTAMP,CURRENT_TIMESTAMP,6, 376, 'AD', 'Andorra'),
(CURRENT_TIMESTAMP,CURRENT_TIMESTAMP,7, 244, 'AO', 'Angola'),
(CURRENT_TIMESTAMP,CURRENT_TIMESTAMP,8, 1264, 'AI', 'Anguilla'),
(CURRENT_TIMESTAMP,CURRENT_TIMESTAMP,9, 672, 'AQ', 'Antarctica'),
(CURRENT_TIMESTAMP,CURRENT_TIMESTAMP,10, 1268, 'AG', 'Antigua and Barbuda'),
(CURRENT_TIMESTAMP,CURRENT_TIMESTAMP,11, 54, 'AR', 'Argentina'),
(CURRENT_TIMESTAMP,CURRENT_TIMESTAMP,12, 374, 'AM', 'Armenia'),
(CURRENT_TIMESTAMP,CURRENT_TIMESTAMP,13, 297, 'AW', 'Aruba'),
(CURRENT_TIMESTAMP,CURRENT_TIMESTAMP,14, 61, 'AU', 'Australia'),
(CURRENT_TIMESTAMP,CURRENT_TIMESTAMP,15, 43, 'AT', 'Austria'),
(CURRENT_TIMESTAMP,CURRENT_TIMESTAMP,16, 994, 'AZ', 'Azerbaijan'),
(CURRENT_TIMESTAMP,CURRENT_TIMESTAMP,17, 1242, 'BS', 'Bahamas'),
(CURRENT_TIMESTAMP,CURRENT_TIMESTAMP,18, 973, 'BH', 'Bahrain'),
(CURRENT_TIMESTAMP,CURRENT_TIMESTAMP,19, 880, 'BD', 'Bangladesh'),
(CURRENT_TIMESTAMP,CURRENT_TIMESTAMP,20, 1246, 'BB', 'Barbados'),
(CURRENT_TIMESTAMP,CURRENT_TIMESTAMP,21, 375, 'BY', 'Belarus'),
(CURRENT_TIMESTAMP,CURRENT_TIMESTAMP,22, 32, 'BE', 'Belgium'),
(CURRENT_TIMESTAMP,CURRENT_TIMESTAMP,23, 501, 'BZ', 'Belize'),
(CURRENT_TIMESTAMP,CURRENT_TIMESTAMP,24, 229, 'BJ', 'Benin'),
(CURRENT_TIMESTAMP,CURRENT_TIMESTAMP,25, 1441, 'BM', 'Bermuda'),
(CURRENT_TIMESTAMP,CURRENT_TIMESTAMP,26, 975, 'BT', 'Bhutan'),
(CURRENT_TIMESTAMP,CURRENT_TIMESTAMP,27, 591, 'BO', 'Bolivia'),
(CURRENT_TIMESTAMP,CURRENT_TIMESTAMP,28, 599, 'BQ', 'Bonaire, Sint Eustatius and Saba'),
(CURRENT_TIMESTAMP,CURRENT_TIMESTAMP,29, 387, 'BA', 'Bosnia and Herzegovina'),
(CURRENT_TIMESTAMP,CURRENT_TIMESTAMP,30, 267, 'BW', 'Botswana'),
(CURRENT_TIMESTAMP,CURRENT_TIMESTAMP,31, 55, 'BV', 'Bouvet Island'),
(CURRENT_TIMESTAMP,CURRENT_TIMESTAMP,32, 55, 'BR', 'Brazil'),
(CURRENT_TIMESTAMP,CURRENT_TIMESTAMP,33, 246, 'IO', 'British Indian Ocean Territory'),
(CURRENT_TIMESTAMP,CURRENT_TIMESTAMP,34, 673, 'BN', 'Brunei Darussalam'),
(CURRENT_TIMESTAMP,CURRENT_TIMESTAMP,35, 359, 'BG', 'Bulgaria'),
(CURRENT_TIMESTAMP,CURRENT_TIMESTAMP,36, 226, 'BF', 'Burkina Faso'),
(CURRENT_TIMESTAMP,CURRENT_TIMESTAMP,37, 257, 'BI', 'Burundi'),
(CURRENT_TIMESTAMP,CURRENT_TIMESTAMP,38, 855, 'KH', 'Cambodia'),
(CURRENT_TIMESTAMP,CURRENT_TIMESTAMP,39, 237, 'CM', 'Cameroon'),
(CURRENT_TIMESTAMP,CURRENT_TIMESTAMP,40, 1, 'CA', 'Canada'),
(CURRENT_TIMESTAMP,CURRENT_TIMESTAMP,41, 238, 'CV', 'Cape Verde'),
(CURRENT_TIMESTAMP,CURRENT_TIMESTAMP,42, 1345, 'KY', 'Cayman Islands'),
(CURRENT_TIMESTAMP,CURRENT_TIMESTAMP,43, 236, 'CF', 'Central African Republic'),
(CURRENT_TIMESTAMP,CURRENT_TIMESTAMP,44, 235, 'TD', 'Chad'),
(CURRENT_TIMESTAMP,CURRENT_TIMESTAMP,45, 56, 'CL', 'Chile'),
(CURRENT_TIMESTAMP,CURRENT_TIMESTAMP,46, 86, 'CN', 'China'),
(CURRENT_TIMESTAMP,CURRENT_TIMESTAMP,47, 61, 'CX', 'Christmas Island'),
(CURRENT_TIMESTAMP,CURRENT_TIMESTAMP,48, 672, 'CC', 'Cocos (Keeling) Islands'),
(CURRENT_TIMESTAMP,CURRENT_TIMESTAMP,49, 57, 'CO', 'Colombia'),
(CURRENT_TIMESTAMP,CURRENT_TIMESTAMP,50, 269, 'KM', 'Comoros'),
(CURRENT_TIMESTAMP,CURRENT_TIMESTAMP,51, 242, 'CG', 'Congo'),
(CURRENT_TIMESTAMP,CURRENT_TIMESTAMP,52, 242, 'CD', 'Congo, Democratic Republic of the Congo'),
(CURRENT_TIMESTAMP,CURRENT_TIMESTAMP,53, 682, 'CK', 'Cook Islands'),
(CURRENT_TIMESTAMP,CURRENT_TIMESTAMP,54, 506, 'CR', 'Costa Rica'),
(CURRENT_TIMESTAMP,CURRENT_TIMESTAMP,55, 225, 'CI', 'Cote DIvoire'),
(CURRENT_TIMESTAMP,CURRENT_TIMESTAMP,56, 385, 'HR', 'Croatia'),
(CURRENT_TIMESTAMP,CURRENT_TIMESTAMP,57, 53, 'CU', 'Cuba'),
(CURRENT_TIMESTAMP,CURRENT_TIMESTAMP,58, 599, 'CW', 'Curacao'),
(CURRENT_TIMESTAMP,CURRENT_TIMESTAMP,59, 357, 'CY', 'Cyprus'),
(CURRENT_TIMESTAMP,CURRENT_TIMESTAMP,60, 420, 'CZ', 'Czech Republic'),
(CURRENT_TIMESTAMP,CURRENT_TIMESTAMP,61, 45, 'DK', 'Denmark'),
(CURRENT_TIMESTAMP,CURRENT_TIMESTAMP,62, 253, 'DJ', 'Djibouti'),
(CURRENT_TIMESTAMP,CURRENT_TIMESTAMP,63, 1767, 'DM', 'Dominica'),
(CURRENT_TIMESTAMP,CURRENT_TIMESTAMP,64, 1809, 'DO', 'Dominican Republic'),
(CURRENT_TIMESTAMP,CURRENT_TIMESTAMP,65, 593, 'EC', 'Ecuador'),
(CURRENT_TIMESTAMP,CURRENT_TIMESTAMP,66, 20, 'EG', 'Egypt'),
(CURRENT_TIMESTAMP,CURRENT_TIMESTAMP,67, 503, 'SV', 'El Salvador'),
(CURRENT_TIMESTAMP,CURRENT_TIMESTAMP,68, 240, 'GQ', 'Equatorial Guinea'),
(CURRENT_TIMESTAMP,CURRENT_TIMESTAMP,69, 291, 'ER', 'Eritrea'),
(CURRENT_TIMESTAMP,CURRENT_TIMESTAMP,70, 372, 'EE', 'Estonia'),
(CURRENT_TIMESTAMP,CURRENT_TIMESTAMP,71, 251, 'ET', 'Ethiopia'),
(CURRENT_TIMESTAMP,CURRENT_TIMESTAMP,72, 500, 'FK', 'Falkland Islands (Malvinas)'),
(CURRENT_TIMESTAMP,CURRENT_TIMESTAMP,73, 298, 'FO', 'Faroe Islands'),
(CURRENT_TIMESTAMP,CURRENT_TIMESTAMP,74, 679, 'FJ', 'Fiji'),
(CURRENT_TIMESTAMP,CURRENT_TIMESTAMP,75, 358, 'FI', 'Finland'),
(CURRENT_TIMESTAMP,CURRENT_TIMESTAMP,76, 33, 'FR', 'France'),
(CURRENT_TIMESTAMP,CURRENT_TIMESTAMP,77, 594, 'GF', 'French Guiana'),
(CURRENT_TIMESTAMP,CURRENT_TIMESTAMP,78, 689, 'PF', 'French Polynesia'),
(CURRENT_TIMESTAMP,CURRENT_TIMESTAMP,79, 262, 'TF', 'French Southern Territories'),
(CURRENT_TIMESTAMP,CURRENT_TIMESTAMP,80, 241, 'GA', 'Gabon'),
(CURRENT_TIMESTAMP,CURRENT_TIMESTAMP,81, 220, 'GM', 'Gambia'),
(CURRENT_TIMESTAMP,CURRENT_TIMESTAMP,82, 995, 'GE', 'Georgia'),
(CURRENT_TIMESTAMP,CURRENT_TIMESTAMP,83, 49, 'DE', 'Germany'),
(CURRENT_TIMESTAMP,CURRENT_TIMESTAMP,84, 233, 'GH', 'Ghana'),
(CURRENT_TIMESTAMP,CURRENT_TIMESTAMP,85, 350, 'GI', 'Gibraltar'),
(CURRENT_TIMESTAMP,CURRENT_TIMESTAMP,86, 30, 'GR', 'Greece'),
(CURRENT_TIMESTAMP,CURRENT_TIMESTAMP,87, 299, 'GL', 'Greenland'),
(CURRENT_TIMESTAMP,CURRENT_TIMESTAMP,88, 1473, 'GD', 'Grenada'),
(CURRENT_TIMESTAMP,CURRENT_TIMESTAMP,89, 590, 'GP', 'Guadeloupe'),
(CURRENT_TIMESTAMP,CURRENT_TIMESTAMP,90, 1671, 'GU', 'Guam'),
(CURRENT_TIMESTAMP,CURRENT_TIMESTAMP,91, 502, 'GT', 'Guatemala'),
(CURRENT_TIMESTAMP,CURRENT_TIMESTAMP,92, 44, 'GG', 'Guernsey'),
(CURRENT_TIMESTAMP,CURRENT_TIMESTAMP,93, 224, 'GN', 'Guinea'),
(CURRENT_TIMESTAMP,CURRENT_TIMESTAMP,94, 245, 'GW', 'Guinea-Bissau'),
(CURRENT_TIMESTAMP,CURRENT_TIMESTAMP,95, 592, 'GY', 'Guyana'),
(CURRENT_TIMESTAMP,CURRENT_TIMESTAMP,96, 509, 'HT', 'Haiti'),
(CURRENT_TIMESTAMP,CURRENT_TIMESTAMP,97, 0, 'HM', 'Heard Island and Mcdonald Islands'),
(CURRENT_TIMESTAMP,CURRENT_TIMESTAMP,98, 39, 'VA', 'Holy See (Vatican City State)'),
(CURRENT_TIMESTAMP,CURRENT_TIMESTAMP,99, 504, 'HN', 'Honduras'),
(CURRENT_TIMESTAMP,CURRENT_TIMESTAMP,100, 852, 'HK', 'Hong Kong'),
(CURRENT_TIMESTAMP,CURRENT_TIMESTAMP,101, 36, 'HU', 'Hungary'),
(CURRENT_TIMESTAMP,CURRENT_TIMESTAMP,102, 354, 'IS', 'Iceland'),
(CURRENT_TIMESTAMP,CURRENT_TIMESTAMP,103, 91, 'IN', 'India'),
(CURRENT_TIMESTAMP,CURRENT_TIMESTAMP,104, 62, 'ID', 'Indonesia'),
(CURRENT_TIMESTAMP,CURRENT_TIMESTAMP,105, 98, 'IR', 'Iran, Islamic Republic of'),
(CURRENT_TIMESTAMP,CURRENT_TIMESTAMP,106, 964, 'IQ', 'Iraq'),
(CURRENT_TIMESTAMP,CURRENT_TIMESTAMP,107, 353, 'IE', 'Ireland'),
(CURRENT_TIMESTAMP,CURRENT_TIMESTAMP,108, 44, 'IM', 'Isle of Man'),
(CURRENT_TIMESTAMP,CURRENT_TIMESTAMP,109, 972, 'IL', 'Israel'),
(CURRENT_TIMESTAMP,CURRENT_TIMESTAMP,110, 39, 'IT', 'Italy'),
(CURRENT_TIMESTAMP,CURRENT_TIMESTAMP,111, 1876, 'JM', 'Jamaica'),
(CURRENT_TIMESTAMP,CURRENT_TIMESTAMP,112, 81, 'JP', 'Japan'),
(CURRENT_TIMESTAMP,CURRENT_TIMESTAMP,113, 44, 'JE', 'Jersey'),
(CURRENT_TIMESTAMP,CURRENT_TIMESTAMP,114, 962, 'JO', 'Jordan'),
(CURRENT_TIMESTAMP,CURRENT_TIMESTAMP,115, 7, 'KZ', 'Kazakhstan'),
(CURRENT_TIMESTAMP,CURRENT_TIMESTAMP,116, 254, 'KE', 'Kenya'),
(CURRENT_TIMESTAMP,CURRENT_TIMESTAMP,117, 686, 'KI', 'Kiribati'),
(CURRENT_TIMESTAMP,CURRENT_TIMESTAMP,118, 850, 'KP', 'Korea, Democratic Peoples Republic of'),
(CURRENT_TIMESTAMP,CURRENT_TIMESTAMP,119, 82, 'KR', 'Korea, Republic of'),
(CURRENT_TIMESTAMP,CURRENT_TIMESTAMP,120, 381, 'XK', 'Kosovo'),
(CURRENT_TIMESTAMP,CURRENT_TIMESTAMP,121, 965, 'KW', 'Kuwait'),
(CURRENT_TIMESTAMP,CURRENT_TIMESTAMP,122, 996, 'KG', 'Kyrgyzstan'),
(CURRENT_TIMESTAMP,CURRENT_TIMESTAMP,123, 856, 'LA', 'Lao Peoples Democratic Republic'),
(CURRENT_TIMESTAMP,CURRENT_TIMESTAMP,124, 371, 'LV', 'Latvia'),
(CURRENT_TIMESTAMP,CURRENT_TIMESTAMP,125, 961, 'LB', 'Lebanon'),
(CURRENT_TIMESTAMP,CURRENT_TIMESTAMP,126, 266, 'LS', 'Lesotho'),
(CURRENT_TIMESTAMP,CURRENT_TIMESTAMP,127, 231, 'LR', 'Liberia'),
(CURRENT_TIMESTAMP,CURRENT_TIMESTAMP,128, 218, 'LY', 'Libyan Arab Jamahiriya'),
(CURRENT_TIMESTAMP,CURRENT_TIMESTAMP,129, 423, 'LI', 'Liechtenstein'),
(CURRENT_TIMESTAMP,CURRENT_TIMESTAMP,130, 370, 'LT', 'Lithuania'),
(CURRENT_TIMESTAMP,CURRENT_TIMESTAMP,131, 352, 'LU', 'Luxembourg'),
(CURRENT_TIMESTAMP,CURRENT_TIMESTAMP,132, 853, 'MO', 'Macao'),
(CURRENT_TIMESTAMP,CURRENT_TIMESTAMP,133, 389, 'MK', 'Macedonia, the Former Yugoslav Republic of'),
(CURRENT_TIMESTAMP,CURRENT_TIMESTAMP,134, 261, 'MG', 'Madagascar'),
(CURRENT_TIMESTAMP,CURRENT_TIMESTAMP,135, 265, 'MW', 'Malawi'),
(CURRENT_TIMESTAMP,CURRENT_TIMESTAMP,136, 60, 'MY', 'Malaysia'),
(CURRENT_TIMESTAMP,CURRENT_TIMESTAMP,137, 960, 'MV', 'Maldives'),
(CURRENT_TIMESTAMP,CURRENT_TIMESTAMP,138, 223, 'ML', 'Mali'),
(CURRENT_TIMESTAMP,CURRENT_TIMESTAMP,139, 356, 'MT', 'Malta'),
(CURRENT_TIMESTAMP,CURRENT_TIMESTAMP,140, 692, 'MH', 'Marshall Islands'),
(CURRENT_TIMESTAMP,CURRENT_TIMESTAMP,141, 596, 'MQ', 'Martinique'),
(CURRENT_TIMESTAMP,CURRENT_TIMESTAMP,142, 222, 'MR', 'Mauritania'),
(CURRENT_TIMESTAMP,CURRENT_TIMESTAMP,143, 230, 'MU', 'Mauritius'),
(CURRENT_TIMESTAMP,CURRENT_TIMESTAMP,144, 269, 'YT', 'Mayotte'),
(CURRENT_TIMESTAMP,CURRENT_TIMESTAMP,145, 52, 'MX', 'Mexico'),
(CURRENT_TIMESTAMP,CURRENT_TIMESTAMP,146, 691, 'FM', 'Micronesia, Federated States of'),
(CURRENT_TIMESTAMP,CURRENT_TIMESTAMP,147, 373, 'MD', 'Moldova, Republic of'),
(CURRENT_TIMESTAMP,CURRENT_TIMESTAMP,148, 377, 'MC', 'Monaco'),
(CURRENT_TIMESTAMP,CURRENT_TIMESTAMP,149, 976, 'MN', 'Mongolia'),
(CURRENT_TIMESTAMP,CURRENT_TIMESTAMP,150, 382, 'ME', 'Montenegro'),
(CURRENT_TIMESTAMP,CURRENT_TIMESTAMP,151, 1664, 'MS', 'Montserrat'),
(CURRENT_TIMESTAMP,CURRENT_TIMESTAMP,152, 212, 'MA', 'Morocco'),
(CURRENT_TIMESTAMP,CURRENT_TIMESTAMP,153, 258, 'MZ', 'Mozambique'),
(CURRENT_TIMESTAMP,CURRENT_TIMESTAMP,154, 95, 'MM', 'Myanmar'),
(CURRENT_TIMESTAMP,CURRENT_TIMESTAMP,155, 264, 'NA', 'Namibia'),
(CURRENT_TIMESTAMP,CURRENT_TIMESTAMP,156, 674, 'NR', 'Nauru'),
(CURRENT_TIMESTAMP,CURRENT_TIMESTAMP,157, 977, 'NP', 'Nepal'),
(CURRENT_TIMESTAMP,CURRENT_TIMESTAMP,158, 31, 'NL', 'Netherlands'),
(CURRENT_TIMESTAMP,CURRENT_TIMESTAMP,159, 599, 'AN', 'Netherlands Antilles'),
(CURRENT_TIMESTAMP,CURRENT_TIMESTAMP,160, 687, 'NC', 'New Caledonia'),
(CURRENT_TIMESTAMP,CURRENT_TIMESTAMP,161, 64, 'NZ', 'New Zealand'),
(CURRENT_TIMESTAMP,CURRENT_TIMESTAMP,162, 505, 'NI', 'Nicaragua'),
(CURRENT_TIMESTAMP,CURRENT_TIMESTAMP,163, 227, 'NE', 'Niger'),
(CURRENT_TIMESTAMP,CURRENT_TIMESTAMP,164, 234, 'NG', 'Nigeria'),
(CURRENT_TIMESTAMP,CURRENT_TIMESTAMP,165, 683, 'NU', 'Niue'),
(CURRENT_TIMESTAMP,CURRENT_TIMESTAMP,166, 672, 'NF', 'Norfolk Island'),
(CURRENT_TIMESTAMP,CURRENT_TIMESTAMP,167, 1670, 'MP', 'Northern Mariana Islands'),
(CURRENT_TIMESTAMP,CURRENT_TIMESTAMP,168, 47, 'NO', 'Norway'),
(CURRENT_TIMESTAMP,CURRENT_TIMESTAMP,169, 968, 'OM', 'Oman'),
(CURRENT_TIMESTAMP,CURRENT_TIMESTAMP,170, 92, 'PK', 'Pakistan'),
(CURRENT_TIMESTAMP,CURRENT_TIMESTAMP,171, 680, 'PW', 'Palau'),
(CURRENT_TIMESTAMP,CURRENT_TIMESTAMP,172, 970, 'PS', 'Palestinian Territory, Occupied'),
(CURRENT_TIMESTAMP,CURRENT_TIMESTAMP,173, 507, 'PA', 'Panama'),
(CURRENT_TIMESTAMP,CURRENT_TIMESTAMP,174, 675, 'PG', 'Papua New Guinea'),
(CURRENT_TIMESTAMP,CURRENT_TIMESTAMP,175, 595, 'PY', 'Paraguay'),
(CURRENT_TIMESTAMP,CURRENT_TIMESTAMP,176, 51, 'PE', 'Peru'),
(CURRENT_TIMESTAMP,CURRENT_TIMESTAMP,177, 63, 'PH', 'Philippines'),
(CURRENT_TIMESTAMP,CURRENT_TIMESTAMP,178, 64, 'PN', 'Pitcairn'),
(CURRENT_TIMESTAMP,CURRENT_TIMESTAMP,179, 48, 'PL', 'Poland'),
(CURRENT_TIMESTAMP,CURRENT_TIMESTAMP,180, 351, 'PT', 'Portugal'),
(CURRENT_TIMESTAMP,CURRENT_TIMESTAMP,181, 1787, 'PR', 'Puerto Rico'),
(CURRENT_TIMESTAMP,CURRENT_TIMESTAMP,182, 974, 'QA', 'Qatar'),
(CURRENT_TIMESTAMP,CURRENT_TIMESTAMP,183, 262, 'RE', 'Reunion'),
(CURRENT_TIMESTAMP,CURRENT_TIMESTAMP,184, 40, 'RO', 'Romania'),
(CURRENT_TIMESTAMP,CURRENT_TIMESTAMP,185, 70, 'RU', 'Russian Federation'),
(CURRENT_TIMESTAMP,CURRENT_TIMESTAMP,186, 250, 'RW', 'Rwanda'),
(CURRENT_TIMESTAMP,CURRENT_TIMESTAMP,187, 590, 'BL', 'Saint Barthelemy'),
(CURRENT_TIMESTAMP,CURRENT_TIMESTAMP,188, 290, 'SH', 'Saint Helena'),
(CURRENT_TIMESTAMP,CURRENT_TIMESTAMP,189, 1869, 'KN', 'Saint Kitts and Nevis'),
(CURRENT_TIMESTAMP,CURRENT_TIMESTAMP,190, 1758, 'LC', 'Saint Lucia'),
(CURRENT_TIMESTAMP,CURRENT_TIMESTAMP,191, 590, 'MF', 'Saint Martin'),
(CURRENT_TIMESTAMP,CURRENT_TIMESTAMP,192, 508, 'PM', 'Saint Pierre and Miquelon'),
(CURRENT_TIMESTAMP,CURRENT_TIMESTAMP,193, 1784, 'VC', 'Saint Vincent and the Grenadines'),
(CURRENT_TIMESTAMP,CURRENT_TIMESTAMP,194, 684, 'WS', 'Samoa'),
(CURRENT_TIMESTAMP,CURRENT_TIMESTAMP,195, 378, 'SM', 'San Marino'),
(CURRENT_TIMESTAMP,CURRENT_TIMESTAMP,196, 239, 'ST', 'Sao Tome and Principe'),
(CURRENT_TIMESTAMP,CURRENT_TIMESTAMP,197, 966, 'SA', 'Saudi Arabia'),
(CURRENT_TIMESTAMP,CURRENT_TIMESTAMP,198, 221, 'SN', 'Senegal'),
(CURRENT_TIMESTAMP,CURRENT_TIMESTAMP,199, 381, 'RS', 'Serbia'),
(CURRENT_TIMESTAMP,CURRENT_TIMESTAMP,200, 381, 'CS', 'Serbia and Montenegro'),
(CURRENT_TIMESTAMP,CURRENT_TIMESTAMP,201, 248, 'SC', 'Seychelles'),
(CURRENT_TIMESTAMP,CURRENT_TIMESTAMP,202, 232, 'SL', 'Sierra Leone'),
(CURRENT_TIMESTAMP,CURRENT_TIMESTAMP,203, 65, 'SG', 'Singapore'),
(CURRENT_TIMESTAMP,CURRENT_TIMESTAMP,204, 1, 'SX', 'Sint Maarten'),
(CURRENT_TIMESTAMP,CURRENT_TIMESTAMP,205, 421, 'SK', 'Slovakia'),
(CURRENT_TIMESTAMP,CURRENT_TIMESTAMP,206, 386, 'SI', 'Slovenia'),
(CURRENT_TIMESTAMP,CURRENT_TIMESTAMP,207, 677, 'SB', 'Solomon Islands'),
(CURRENT_TIMESTAMP,CURRENT_TIMESTAMP,208, 252, 'SO', 'Somalia'),
(CURRENT_TIMESTAMP,CURRENT_TIMESTAMP,209, 27, 'ZA', 'South Africa'),
(CURRENT_TIMESTAMP,CURRENT_TIMESTAMP,210, 500, 'GS', 'South Georgia and the South Sandwich Islands'),
(CURRENT_TIMESTAMP,CURRENT_TIMESTAMP,211, 211, 'SS', 'South Sudan'),
(CURRENT_TIMESTAMP,CURRENT_TIMESTAMP,212, 34, 'ES', 'Spain'),
(CURRENT_TIMESTAMP,CURRENT_TIMESTAMP,213, 94, 'LK', 'Sri Lanka'),
(CURRENT_TIMESTAMP,CURRENT_TIMESTAMP,214, 249, 'SD', 'Sudan'),
(CURRENT_TIMESTAMP,CURRENT_TIMESTAMP,215, 597, 'SR', 'Suriname'),
(CURRENT_TIMESTAMP,CURRENT_TIMESTAMP,216, 47, 'SJ', 'Svalbard and Jan Mayen'),
(CURRENT_TIMESTAMP,CURRENT_TIMESTAMP,217, 268, 'SZ', 'Swaziland'),
(CURRENT_TIMESTAMP,CURRENT_TIMESTAMP,218, 46, 'SE', 'Sweden'),
(CURRENT_TIMESTAMP,CURRENT_TIMESTAMP,219, 41, 'CH', 'Switzerland'),
(CURRENT_TIMESTAMP,CURRENT_TIMESTAMP,220, 963, 'SY', 'Syrian Arab Republic'),
(CURRENT_TIMESTAMP,CURRENT_TIMESTAMP,221, 886, 'TW', 'Taiwan, Province of China'),
(CURRENT_TIMESTAMP,CURRENT_TIMESTAMP,222, 992, 'TJ', 'Tajikistan'),
(CURRENT_TIMESTAMP,CURRENT_TIMESTAMP,223, 255, 'TZ', 'Tanzania, United Republic of'),
(CURRENT_TIMESTAMP,CURRENT_TIMESTAMP,224, 66, 'TH', 'Thailand'),
(CURRENT_TIMESTAMP,CURRENT_TIMESTAMP,225, 670, 'TL', 'Timor-Leste'),
(CURRENT_TIMESTAMP,CURRENT_TIMESTAMP,226, 228, 'TG', 'Togo'),
(CURRENT_TIMESTAMP,CURRENT_TIMESTAMP,227, 690, 'TK', 'Tokelau'),
(CURRENT_TIMESTAMP,CURRENT_TIMESTAMP,228, 676, 'TO', 'Tonga'),
(CURRENT_TIMESTAMP,CURRENT_TIMESTAMP,229, 1868, 'TT', 'Trinidad and Tobago'),
(CURRENT_TIMESTAMP,CURRENT_TIMESTAMP,230, 216, 'TN', 'Tunisia'),
(CURRENT_TIMESTAMP,CURRENT_TIMESTAMP,231, 90, 'TR', 'Turkey'),
(CURRENT_TIMESTAMP,CURRENT_TIMESTAMP,232, 7370, 'TM', 'Turkmenistan'),
(CURRENT_TIMESTAMP,CURRENT_TIMESTAMP,233, 1649, 'TC', 'Turks and Caicos Islands'),
(CURRENT_TIMESTAMP,CURRENT_TIMESTAMP,234, 688, 'TV', 'Tuvalu'),
(CURRENT_TIMESTAMP,CURRENT_TIMESTAMP,235, 256, 'UG', 'Uganda'),
(CURRENT_TIMESTAMP,CURRENT_TIMESTAMP,236, 380, 'UA', 'Ukraine'),
(CURRENT_TIMESTAMP,CURRENT_TIMESTAMP,237, 971, 'AE', 'United Arab Emirates'),
(CURRENT_TIMESTAMP,CURRENT_TIMESTAMP,238, 44, 'GB', 'United Kingdom'),
(CURRENT_TIMESTAMP,CURRENT_TIMESTAMP,239, 1, 'US', 'United States'),
(CURRENT_TIMESTAMP,CURRENT_TIMESTAMP,240, 1, 'UM', 'United States Minor Outlying Islands'),
(CURRENT_TIMESTAMP,CURRENT_TIMESTAMP,241, 598, 'UY', 'Uruguay'),
(CURRENT_TIMESTAMP,CURRENT_TIMESTAMP,242, 998, 'UZ', 'Uzbekistan'),
(CURRENT_TIMESTAMP,CURRENT_TIMESTAMP,243, 678, 'VU', 'Vanuatu'),
(CURRENT_TIMESTAMP,CURRENT_TIMESTAMP,244, 58, 'VE', 'Venezuela'),
(CURRENT_TIMESTAMP,CURRENT_TIMESTAMP,245, 84, 'VN', 'Viet Nam'),
(CURRENT_TIMESTAMP,CURRENT_TIMESTAMP,246, 1284, 'VG', 'Virgin Islands, British'),
(CURRENT_TIMESTAMP,CURRENT_TIMESTAMP,247, 1340, 'VI', 'Virgin Islands, U.s.'),
(CURRENT_TIMESTAMP,CURRENT_TIMESTAMP,248, 681, 'WF', 'Wallis and Futuna'),
(CURRENT_TIMESTAMP,CURRENT_TIMESTAMP,249, 212, 'EH', 'Western Sahara'),
(CURRENT_TIMESTAMP,CURRENT_TIMESTAMP,250, 967, 'YE', 'Yemen'),
(CURRENT_TIMESTAMP,CURRENT_TIMESTAMP,251, 260, 'ZM', 'Zambia'),
(CURRENT_TIMESTAMP,CURRENT_TIMESTAMP,252, 263, 'ZW', 'Zimbabwe');

SET IDENTITY_INSERT COUNTRY OFF;

SET IDENTITY_INSERT AIRCRAFT ON;

INSERT INTO AIRCRAFT(ID, CREATION_DATE, UPDATE_DATE, TAIL_NUMBER, AIRCRAFT_MANUFACTURER, AIRCRAFT_MODEL, DATE_OF_MANUFACTURE, PLANE_ECONOMY_CAPACITY, PLANE_BUSINESS_CAPACITY)
VALUES(1, CURRENT_TIMESTAMP,CURRENT_TIMESTAMP, 'F-GUGO', 'AIRBUS', 'A318', '2002-01-15 00:00:00.00', 99, 30);

SET IDENTITY_INSERT AIRCRAFT OFF;

SET IDENTITY_INSERT AIRPORT ON;

INSERT INTO AIRPORT(ID, CREATION_DATE, UPDATE_DATE, IATA_CODE, AIRPORT_NAME, AIRPORT_CITY, COUNTRY_ID)
VALUES(1, CURRENT_TIMESTAMP, CURRENT_TIMESTAMP, 'AYT', 'Antalya Havalimaný', 'Antalya', 231);

INSERT INTO AIRPORT(ID, CREATION_DATE, UPDATE_DATE, IATA_CODE, AIRPORT_NAME, AIRPORT_CITY, COUNTRY_ID)
VALUES(2, CURRENT_TIMESTAMP, CURRENT_TIMESTAMP, 'ESB', 'Ankara Esenboða Havalimaný', 'Ankara', 231);

SET IDENTITY_INSERT AIRPORT OFF;

SET IDENTITY_INSERT AVAILABLE_ROUTES ON;

INSERT INTO AVAILABLE_ROUTES(ID, CREATION_DATE, UPDATE_DATE, AIRPORT1, AIRPORT2)
VALUES(1, CURRENT_TIMESTAMP, CURRENT_TIMESTAMP, 1, 2);

INSERT INTO AVAILABLE_ROUTES(ID, CREATION_DATE, UPDATE_DATE, AIRPORT1, AIRPORT2)
VALUES(2, CURRENT_TIMESTAMP, CURRENT_TIMESTAMP, 2, 1);

SET IDENTITY_INSERT AVAILABLE_ROUTES OFF;

SET IDENTITY_INSERT FLIGHT ON;

INSERT INTO FLIGHT(ID, CREATION_DATE, UPDATE_DATE, FLIGHT_NUMBER, 
	FLIGHT_TIME_BY_MINUTES, GATE_NO, FLIGHT_TYPE, 
	FLIGHT_ECONOMY_CAPACITY, FLIGHT_BUSINESS_CAPACITY,
	DEPARTURE_TIME,  AIRCRAFT_ID,
	AVAILABLE_ROUTES_ID)
VALUES(1, CURRENT_TIMESTAMP, CURRENT_TIMESTAMP, 'FN0001', 30, 'A1', 'DIRECT', 99, 30, 
'2022-02-28 19:45:00.00', 1, 1);

INSERT INTO FLIGHT(ID, CREATION_DATE, UPDATE_DATE, FLIGHT_NUMBER, 
	FLIGHT_TIME_BY_MINUTES, GATE_NO, FLIGHT_TYPE, 
	FLIGHT_ECONOMY_CAPACITY, FLIGHT_BUSINESS_CAPACITY,
	DEPARTURE_TIME,  AIRCRAFT_ID,
	AVAILABLE_ROUTES_ID)
VALUES(2, CURRENT_TIMESTAMP, CURRENT_TIMESTAMP, 'FN0001', 30, 'A1', 'DIRECT', 99, 30, 
'2022-02-29 19:45:00.00', 1, 2);

SET IDENTITY_INSERT FLIGHT OFF;

SET IDENTITY_INSERT PASSENGER ON;

INSERT INTO PASSENGER(ID, CREATION_DATE, UPDATE_DATE, FIRST_LAST_NAME, PASSPORT_NUMBER, GENDER, AGE, PHONE_NUMBER, EMAIL_ADDRESS)
VALUES(1, CURRENT_TIMESTAMP, CURRENT_TIMESTAMP, 'JOHN DOE', 'A2096457', 'MALE', 'ADULT', '0850-390-2777', 'test@customer.com');

SET IDENTITY_INSERT PASSENGER OFF;

SET IDENTITY_INSERT TICKET ON;

INSERT INTO TICKET(ID, CREATION_DATE, UPDATE_DATE, PASSENGER_SEAT, FLIGHT_CLASS, FLIGHT_ID, PASSENGER_ID, USER_ID)
VALUES(1, CURRENT_TIMESTAMP, CURRENT_TIMESTAMP, '1', 'ECONOMY', 1, 1, 2);

SET IDENTITY_INSERT TICKET OFF;